﻿<?xml version="1.0" encoding="utf-8"?>
<Deployment xmlns="http://schemas.microsoft.com/windowsphone/2014/deployment" AppPlatformVersion="8.1">
  <DefaultLanguage xmlns="" code="en-US"/>
  <App xmlns="" ProductID="{10d7b649-ac2d-484d-8f08-085cfc52f6ce}" Title="CameraSampleCS" RuntimeType="Silverlight" Version="1.0.0.0" Genre="apps.normal" Author="CameraSampleCS author" Description="Sample description" Publisher="CameraSampleCS" PublisherID="{1c1415a4-40ea-4daa-92b4-fbc987ba4714}">
    <IconPath IsRelative="true" IsResource="false">Assets\ApplicationIcon.png</IconPath>

    <Capabilities>
      <Capability Name="ID_CAP_NETWORKING"/>
      <Capability Name="ID_CAP_MEDIALIB_AUDIO"/>
      <Capability Name="ID_CAP_MEDIALIB_PLAYBACK"/>
      <Capability Name="ID_CAP_MEDIALIB_PHOTO"/>
      <Capability Name="ID_CAP_SENSORS"/>
      <Capability Name="ID_CAP_WEBBROWSERCOMPONENT"/>
    </Capabilities>

    <Tasks>
      <DefaultTask Name="_default" NavigationPage="Views\MainPage.xaml"/>
    </Tasks>

    <Tokens>
      <PrimaryToken TokenID="CameraSampleCSToken" TaskName="_default">
        <TemplateFlip>
          <SmallImageURI IsRelative="true" IsResource="false">Assets\Tiles\FlipCycleTileSmall.png</SmallImageURI>
          <Count>0</Count>
          <BackgroundImageURI IsRelative="true" IsResource="false">Assets\Tiles\FlipCycleTileMedium.png</BackgroundImageURI>
          <Title>CameraSampleCS</Title>
          <BackContent></BackContent>
          <BackBackgroundImageURI></BackBackgroundImageURI>
          <BackTitle></BackTitle>
          <DeviceLockImageURI></DeviceLockImageURI>
          <HasLarge></HasLarge>
        </TemplateFlip>
      </PrimaryToken>
    </Tokens>

    <ScreenResolutions>
      <ScreenResolution Name="ID_RESOLUTION_WVGA"/>
      <ScreenResolution Name="ID_RESOLUTION_WXGA"/>
      <ScreenResolution Name="ID_RESOLUTION_HD720P"/>
    </ScreenResolutions>
  </App>
</Deployment>
