<?xml version="1.0" encoding="utf-8"?>
<Deployment xmlns="http://schemas.microsoft.com/windowsphone/2014/deployment" AppPlatformVersion="8.1">
  <DefaultLanguage xmlns="" code="en-US" />
  <App xmlns="" ProductID="{63b18aa6-09d7-4dff-bd2e-36f14bcc23d6}" Title="Contact Bindings Sample" RuntimeType="Silverlight" Version="1.0.0.0" Genre="apps.normal" Author="Contact_Bindings_Sample author" Description="Sample description" Publisher="Contact_Bindings_Sample" PublisherID="{f9c05e5a-ae6a-415c-891f-a7c172950919}">
    <IconPath IsRelative="true" IsResource="false">Assets\ApplicationIcon.png</IconPath>
    <Capabilities>
      <Capability Name="ID_CAP_NETWORKING" />
      <Capability Name="ID_CAP_MEDIALIB_AUDIO" />
      <Capability Name="ID_CAP_MEDIALIB_PLAYBACK" />
      <Capability Name="ID_CAP_SENSORS" />
      <Capability Name="ID_CAP_WEBBROWSERCOMPONENT" />
    </Capabilities>
    <Tasks>
      <DefaultTask Name="_default" NavigationPage="MainPage.xaml" />
      <ExtendedTask Name="BackgroundTask">
        <BackgroundServiceAgent Specifier="ScheduledTaskAgent" Name="Special Agent" Source="Special Agent" Type="Special_Agent.ScheduledAgent" />
      </ExtendedTask>
    </Tasks>
    <Tokens>
      <PrimaryToken TokenID="Contact_Bindings_SampleToken" TaskName="_default">
        <TemplateFlip>
          <SmallImageURI IsRelative="true" IsResource="false">Assets\Tiles\FlipCycleTileSmall.png</SmallImageURI>
          <Count>0</Count>
          <BackgroundImageURI IsRelative="true" IsResource="false">Assets\Tiles\FlipCycleTileMedium.png</BackgroundImageURI>
          <Title>Contact Bindings Sample</Title>
          <BackContent></BackContent>
          <BackBackgroundImageURI></BackBackgroundImageURI>
          <BackTitle></BackTitle>
          <DeviceLockImageURI></DeviceLockImageURI>
          <HasLarge></HasLarge>
        </TemplateFlip>
      </PrimaryToken>
    </Tokens>
    <Extensions>
      <!-- The "People_Connect" extension below is required to show connect tile information on 
      pre-existent phone contacts in the people hub -->
      <Extension ExtensionName="People_Connect" ConsumerID="{bedab396-3404-490c-822e-13309c687e97}" TaskID="_default" />
      <!-- The "People_Connect_Manual" extension is optional and offers the phone user the 
      ability to manually request a binding from your app for a contact that couldn't be automatically linked.
      See ManualConnect.xaml for an example on how to let the user select which binding to link -->
      <Extension ExtensionName="People_Connect_Manual" ConsumerID="{bedab396-3404-490c-822e-13309c687e97}" TaskID="_default" />
    </Extensions>
    <ScreenResolutions>
      <ScreenResolution Name="ID_RESOLUTION_WVGA" />
      <ScreenResolution Name="ID_RESOLUTION_WXGA" />
      <ScreenResolution Name="ID_RESOLUTION_HD720P" />
    </ScreenResolutions>
  </App>
</Deployment>
