﻿<?xml version="1.0" encoding="utf-8"?>
<Deployment xmlns="http://schemas.microsoft.com/windowsphone/2014/deployment" AppPlatformVersion="8.1">
  <DefaultLanguage xmlns="" code="en-US" />
  <App xmlns="" ProductID="{f529f9d2-5078-49d3-8600-ccc38803e362}" Title="MakeAContact" RuntimeType="Silverlight" Version="1.0.0.0" Genre="apps.normal" Author="MakeAContact author" Description="Sample description" Publisher="MakeAContact" PublisherID="{f03e976a-d8a2-4391-98ac-d04fe3b288e4}">
    <IconPath IsRelative="true" IsResource="false">ApplicationIcon.png</IconPath>
    <Capabilities>
      <Capability Name="ID_CAP_GAMERSERVICES" />
      <Capability Name="ID_CAP_IDENTITY_DEVICE" />
      <Capability Name="ID_CAP_IDENTITY_USER" />
      <Capability Name="ID_CAP_LOCATION" />
      <Capability Name="ID_CAP_MICROPHONE" />
      <Capability Name="ID_CAP_NETWORKING" />
      <Capability Name="ID_CAP_PHONEDIALER" />
      <Capability Name="ID_CAP_PUSH_NOTIFICATION" />
      <Capability Name="ID_CAP_SENSORS" />
      <Capability Name="ID_CAP_WEBBROWSERCOMPONENT" />
      <Capability Name="ID_CAP_ISV_CAMERA" />
      <Capability Name="ID_CAP_CONTACTS" />
      <Capability Name="ID_CAP_APPOINTMENTS" />
      <Capability Name="ID_CAP_MEDIALIB_AUDIO" />
      <Capability Name="ID_CAP_MEDIALIB_PHOTO" />
      <Capability Name="ID_CAP_MEDIALIB_PLAYBACK" />
    </Capabilities>
    <Tasks>
      <DefaultTask Name="_default" NavigationPage="MainPage.xaml" />
    </Tasks>
    <Tokens>
      <PrimaryToken TokenID="MakeAContactToken" TaskName="_default">
        <TemplateFlip>
          <SmallImageURI IsResource="false" IsRelative="true">Background.png</SmallImageURI>
          <Count>0</Count>
          <BackgroundImageURI IsResource="false" IsRelative="true">Background.png</BackgroundImageURI>
          <Title>MakeAContact</Title>
          <BackContent></BackContent>
          <BackBackgroundImageURI></BackBackgroundImageURI>
          <BackTitle></BackTitle>
          <LargeBackgroundImageURI></LargeBackgroundImageURI>
          <LargeBackContent></LargeBackContent>
          <LargeBackBackgroundImageURI></LargeBackBackgroundImageURI>
          <DeviceLockImageURI></DeviceLockImageURI>
          <HasLarge>false</HasLarge>
        </TemplateFlip>
      </PrimaryToken>
    </Tokens>
    <ScreenResolutions>
      <ScreenResolution Name="ID_RESOLUTION_WVGA" />
      <ScreenResolution Name="ID_RESOLUTION_WXGA" />
      <ScreenResolution Name="ID_RESOLUTION_HD720P" />
    </ScreenResolutions>
  </App>
</Deployment>