<?xml version="1.0" encoding="utf-8" ?>
<Contacts RemoteRevision="100">
  <Contact ChangeType="Create">
    <RemoteId>2001</RemoteId>
    <GivenName>ZTerry</GivenName>
    <FamilyName>ZAdams</FamilyName>
    <DisplayName>ZTerry ZAdams</DisplayName>
    <Email>Zterryadams@example.com</Email>
    <CodeName>ZCodenameTerry</CodeName>
  </Contact>
  <Contact ChangeType="Create">
    <RemoteId>2002</RemoteId>
    <GivenName>Mark</GivenName>
    <FamilyName>Hanson</FamilyName>
    <DisplayName>Mark Hanson</DisplayName>
    <Email>markhanson@example.com</Email>
    <CodeName>CodenameMark</CodeName>
  </Contact>
  <Contact ChangeType="Create">
    <RemoteId>2003</RemoteId>
    <GivenName>David</GivenName>
    <FamilyName>Pelton</FamilyName>
    <DisplayName>David Pelton</DisplayName>
    <Email>davidpelton@example.com</Email>
    <CodeName>CodenameDavid</CodeName>
  </Contact>
</Contacts>
