<!--This is the XAML definition of the cutom tile used in the sample. The tile consists of a border containing some text and an image. 
     Note the the text values for TimeZone and Timestamp are not defined. These are added when the background task runs. The image source
     is also added when the background tast runs. 
     The border has the dimensions 360x360. This is because we are usign it to update the application tile, which has the dimensions of 150x150. 
     In order for the tile to look good on all resolutions, we are defining its size for the largest resolution scale of 240%, i.e. 240% of 150 is 360. 
     -->
<Border Height="360" Width="360" Padding="12" BorderBrush="White" BorderThickness="4" CornerRadius="2" Background="#00b2f0" xmlns='http://schemas.microsoft.com/winfx/2006/xaml/presentation'
                        xmlns:x='http://schemas.microsoft.com/winfx/2006/xaml'
                        xmlns:mc='http://schemas.openxmlformats.org/markup-compatibility/2006'>
  <Grid>
    <Grid.RowDefinitions>
      <RowDefinition Height="*"/>
      <RowDefinition Height="Auto"/>
      <RowDefinition Height="Auto"/>
      <RowDefinition Height="Auto"/>
      <RowDefinition Height="Auto"/>
      <RowDefinition Height="Auto"/>
      <RowDefinition Height="2*"/>
    </Grid.RowDefinitions>
    <Grid.ColumnDefinitions>
      <ColumnDefinition Width="*"/>
      <ColumnDefinition Width="Auto"/>
      <ColumnDefinition Width="*"/>
    </Grid.ColumnDefinitions>
    <Image Grid.Row="1" Grid.Column="1" x:Name="LogoImage" Height="70" Width="70"/>
    <TextBlock Grid.Row="2" Grid.Column="1" Text="Last update"  Foreground="White"  FontFamily="Segoe WP Black" FontSize="30" Margin="0,5"/>
    <TextBlock Grid.Row="3" Grid.Column="1" x:Name="Timestamp"  Foreground="White" FontSize="28"/>
    <TextBlock Grid.Row="4" Grid.Column="1" Text="Timezone"   Foreground="White" FontFamily="Segoe WP Black" FontSize="30" Margin="0,5"/>
    <TextBlock Grid.Row="5" Grid.Column="1" x:Name="TimeZone"   Foreground="White" FontSize="28"/>
  </Grid>
</Border>
